"Alimento","Região Norte",Unidades da Federação,Rondonia,Acre,Amazonas,Roraima,Pará,Amapá,Tocantins
Cereais e leguminosas,"26,644","30,856","29,392","17,211","37,779","27,170","27,908","37,050"
   Cereais,"21,324","25,521","24,761","12,850","29,206","21,577","19,950","32,910"
      Arroz não especificado,"1,971","1,096","3,138","0,962","1,222","2,954","1,092","0,187"
      Arroz polido,"17,942","23,069","18,952","10,849","26,882","16,930","18,162","32,064"
      Milho em grão,"0,840","0,744","1,244","0,698","0,265","1,108","0,256","0,112"
      Milho verde em conserva,"0,135","0,263","0,131","0,031","0,135","0,165","0,067","0,130"
      Milho verde em espiga,"0,180","0,078","0,636","0,021","0,004","0,224","0,108","0,299"
      Outros,"0,257","0,271","0,658","0,290","0,697","0,196","0,264","0,117"
   Leguminosas,"5,320","5,335","4,631","4,361","8,572","5,593","7,958","4,140"
      Feijão-fradinho,"0,160","0,038","0,234","0,063","0,106","0,237","0,094","0,131"
      Feijão-jalo,"0,211",-,-,"0,433",-,"0,205","0,040","0,204"
      Feijão-manteiga,"0,096","0,028","0,080","0,163",-,"0,086","0,131","0,075"
      Feijão-mulatinho,"0,482","1,094","0,347","0,489","0,640","0,368","0,726","0,292"
      Feijão-preto,"0,806","0,377","0,126","0,522","0,135","1,220","1,225","0,109"
      Feijão-rajado,"2,282","3,002","1,965","1,590","3,546","2,265","4,470","1,916"
      Feijão-roxo,"0,005",-,-,"0,009",-,-,"0,018","0,028"
      Outros feijões,"0,938","0,255","1,486","0,859","2,926","0,960","1,034","0,783"
      Outras,"0,339","0,540","0,393","0,234","1,220","0,252","0,220","0,602"
Hortaliças,"11,594","16,979","14,608","9,809","14,046","10,692","17,044","9,612"
   Hortaliças folhosas e florais,"1,367","2,314","2,486","0,886","1,246","1,163","3,704","0,819"
      Acelga,"0,017","0,078","0,035","0,005","0,020","0,005","0,033","0,016"
      Agrião,"0,003","0,013",-,"0,005",-,-,"0,006",-
      Alface,"0,197","0,489","0,362","0,130","0,220","0,145","0,240","0,204"
      Cheiro-verde,"0,351","0,176","0,529","0,286","0,475","0,356","1,173","0,118"
      Couve,"0,212","0,341","0,676","0,149","0,233","0,138","0,825","0,038"
      Couve-brócolis,"0,046","0,081","0,045","0,036","0,004","0,052","0,054","0,010"
      Couve-flor,"0,017","0,101","0,049","0,005",-,-,"0,049","0,016"
      Repolho,"0,376","0,822","0,475","0,202","0,267","0,329","0,655","0,408"
      Outras,"0,148","0,211","0,315","0,068","0,026","0,138","0,669","0,009"
   Hortaliças frutosas,"6,041","7,590","5,559","5,358","8,364","5,810","8,513","5,470"
      Abóbora,"0,419","0,591","0,247","0,233","0,222","0,521","0,368","0,324"
      Abobrinha,"0,061","0,279","0,023","0,053","0,005","0,044",-,-
      Azeitona em conserva,"0,042","0,054","0,053","0,012","0,021","0,055","0,019","0,044"
      Berinjela,"0,034","0,046","0,138","0,015","0,033","0,032","0,003","0,042"
      Cebola,"2,300","2,133","1,935","2,283","3,939","2,114","4,132","2,237"
      Chuchu,"0,106","0,276","0,055","0,124","0,026","0,085","0,038","0,079"
      Jiló,"0,036","0,268",-,-,"0,005","0,006",-,"0,083"
      Maxixe,"0,082","0,120","0,090","0,110","0,059","0,067","0,034","0,080"
      Pepino fresco,"0,330","0,350","0,517","0,232","0,173","0,384","0,355","0,188"
      Pimentão,"0,269","0,230","0,037","0,328","0,451","0,263","0,489","0,142"
      Quiabo,"0,055","0,239","0,035","0,046","0,040","0,030","0,019","0,043"
      Tomate,"2,132","2,906","1,897","1,628","3,156","2,101","2,814","2,131"
      Vagem,"0,016","0,070","0,005","0,023",-,"0,007",-,"0,003"
      Outras,"0,158","0,027","0,527","0,270","0,232","0,099","0,241","0,075"
   Hortaliças tuberosas e outras,"4,186","7,075","6,563","3,564","4,436","3,719","4,828","3,323"
      Alho,"0,328","0,743","0,398","0,243","0,241","0,267","0,330","0,395"
      Batata-aipo,"0,010",-,-,-,"0,038","0,018",-,-
      Batata-baroa,"0,005",-,-,"0,010",-,-,-,"0,030"
      Batata-doce,"0,294","0,903","0,726","0,180","0,485","0,176","0,189","0,302"
      Batata-inglesa,"1,433","2,440","0,536","1,302","1,867","1,379","2,031","0,957"
      Batata não especificada,"0,323","0,351","0,782","0,181","0,377","0,368","0,456","0,063"
      Beterraba,"0,169","0,389","0,309","0,077","0,122","0,146","0,105","0,257"
      Cará,"0,059","0,014","0,016","0,218",-,"0,004","0,106","0,026"
      Cenoura,"0,713","0,915","0,463","0,352","0,748","0,864","1,049","0,524"
      Inhame,"0,039","0,263","0,093","0,014",-,"0,004","0,003","0,049"
      Mandioca,"0,751","0,982","3,205","0,952","0,554","0,406","0,518","0,706"
      Outras,"0,062","0,076","0,036","0,035","0,005","0,088","0,041","0,015"
Frutas,"13,851","13,930","17,463","14,706","13,511","13,495","17,667","9,640"
   Frutas de clima tropical,"12,374","11,414","15,446","13,538","11,981","12,153","15,436","8,529"
      Abacate,"0,287","0,072","0,839","0,262","0,179","0,309","0,355","0,165"
      Abacaxi,"0,846","0,904","0,414","1,011","1,445","0,748","1,906","0,372"
      Acerola,"0,175",-,"0,010","0,066",-,"0,331","0,061",-
      Banana-d'água,"0,585","1,327","0,154","0,086","0,484","0,586","0,169","1,501"
      Banana-da-terra,"0,583","0,531","2,417","1,571","0,069","0,129","0,010","0,094"
      Banana-maçã,"0,245","0,605","1,394","0,309","0,154","0,033",-,"0,369"
      Banana-ouro,"0,001","0,009",-,-,"0,006",-,-,-
      Banana-prata,"2,057","0,799","2,005","2,892","1,717","2,078","2,897","0,939"
      Outras bananas,"0,639","0,399","1,198","0,580","0,560","0,676","1,141","0,312"
      Goiaba,"0,194","0,081",-,"0,062","0,166","0,346","0,079",-
      Laranja-baía,"0,005",-,"0,026",-,-,"0,004",-,"0,017"
      Laranja-lima,"0,274","0,113","0,216","0,422","0,069","0,200","0,539","0,446"
      Laranja-pera,"0,868","0,847","0,783","0,290",-,"1,350","0,348","0,319"
      Laranja-seleta,"0,169","0,689",-,"0,157","1,727",-,"0,037","0,185"
      Outras laranjas,"0,735","0,772","0,851","0,782","0,241","0,745","0,906","0,525"
      Limão comum,"0,579","0,295","0,645","0,713","0,331","0,575","1,421","0,178"
      Mamão,"0,556","0,597","1,043","0,705","0,969","0,471","0,633","0,150"
      Manga,"0,288","0,357","0,365","0,316",-,"0,314","0,148","0,130"
      Maracujá,"0,202","0,177","0,270","0,224","0,163","0,206","0,179","0,144"
      Melancia,"2,070","1,862","1,555","2,123","3,309","1,940","3,227","2,141"
      Melão,"0,461","0,566","0,394","0,399","0,153","0,508","0,752","0,227"
      Tangerina,"0,201","0,160","0,263","0,216","0,130","0,189","0,299","0,212"
      Outras,"0,354","0,252","0,604","0,354","0,108","0,413","0,331","0,103"
   Frutas de clima temperado,"1,477","2,516","2,017","1,168","1,530","1,342","2,231","1,111"
      Ameixa,"0,016","0,041","0,049","0,021","0,028","0,007",-,"0,013"
      Caqui,"0,023","0,158","0,022","0,006","0,030",-,"0,044","0,029"
      Maçã,"1,006","1,790","1,471","0,736","0,840","0,926","1,469","0,790"
      Morango,"0,043","0,061","0,003","0,058","0,032","0,042","0,009","0,039"
      Pera,"0,107","0,107","0,086","0,114","0,209","0,091","0,270","0,067"
      Pêssego,"0,004","0,029","0,010",-,"0,011",-,-,-
      Uva,"0,268","0,326","0,353","0,219","0,333","0,272","0,408","0,167"
      Outras,"0,010","0,005","0,023","0,014","0,047","0,003","0,030","0,007"
"Cocos, castanhas e nozes","9,530","0,151","3,131","1,943","0,502","16,164","27,247","0,064"
   Cocos,"9,478","0,142","3,127","1,866","0,492","16,135","26,812","0,064"
      Açaí (emulsão),"9,290","0,091","2,832","1,644","0,407","15,952","26,192","0,034"
      Coco-da-baía,"0,047","0,003","0,020","0,050","0,037","0,070",-,"0,006"
      Outros,"0,141","0,048","0,274","0,172","0,048","0,112","0,620","0,024"
   Castanhas e nozes,"0,052","0,009","0,004","0,076","0,010","0,030","0,434",-
"Farinhas, féculas e massas","17,889","8,752","13,385","17,430","14,450","21,987","26,535","5,926"
   Farinhas,"12,242","4,754","7,702","11,428","3,816","16,414","18,763","1,701"
      Farinha de mandioca,"10,790","1,352","6,744","10,066","2,115","15,224","17,020","0,745"
      Farinha de rosca,"0,018","0,051",-,"0,018",-,"0,017","0,028",-
      Farinha de trigo,"1,238","3,301","0,894","1,102","1,399","0,994","1,510","0,577"
      Farinha vitaminada,"0,049","0,004","0,017","0,036","0,071","0,060","0,177","0,015"
      Outras,"0,147","0,045","0,047","0,206","0,231","0,118","0,029","0,363"
   Féculas,"3,008","2,115","3,564","2,880","7,706","2,905","3,329","2,877"
      Amido de milho,"0,036","0,078","0,018","0,036","0,066","0,026","0,063","0,036"
      Creme de arroz,"0,207","0,053","0,119","0,218","0,183","0,259","0,262","0,098"
      Creme de milho,"0,016",-,"0,005","0,008","0,011","0,025","0,014","0,015"
      Fécula de mandioca,"1,346","0,592","2,129","1,373","1,866","1,417","1,783","0,912"
      Flocos de aveia,"0,059","0,071","0,054","0,042","0,030","0,074","0,078","0,009"
      Flocos de milho,"0,287","0,131","0,453","0,147","0,728","0,203","0,083","1,147"
      Flocos de outros cereais,"0,189","0,044","0,098","0,111","0,210","0,258","0,141","0,245"
      Fubá de milho,"0,867","1,146","0,687","0,946","4,612","0,645","0,906","0,414"
      Outras,-,-,-,-,-,-,-,-
   Massas,"2,639","1,883","2,119","3,122","2,928","2,668","4,442","1,348"
      Macarrão com ovos,"0,313","0,255","0,365","0,440","0,289","0,299","0,183","0,177"
      Macarrão não especificado,"1,107","0,572","1,294","1,153","1,175","1,205","1,813","0,559"
      Macarrão sem ovos,"0,969","0,634","0,297","1,352","1,187","0,925","2,046","0,349"
      Massa de lasanha,"0,057","0,106","0,049","0,058","0,216","0,031","0,082","0,077"
      Massa de pastel,"0,049","0,061",-,"0,003","0,034","0,079","0,021","0,036"
      Massa de pizza,"0,094","0,165","0,114","0,028","0,027","0,104","0,261","0,045"
      Outras,"0,051","0,090",-,"0,088",-,"0,026","0,036","0,105"
Panificados,"14,371","8,574","17,589","22,987","14,617","12,702","19,202","3,829"
   Pães,"11,196","5,423","13,578","20,121","12,243","9,290","14,698","2,058"
      Pão caseiro,"0,628","0,349","0,173","0,986","0,077","0,699","0,728","0,019"
      Pão de forma de padaria,"0,095","0,081","0,199","0,061","0,049","0,102","0,167","0,082"
      Pão de forma industrializado,"0,112","0,106","0,070","0,154","0,018","0,114","0,108","0,059"
      Pão de milho,"0,009","0,006","0,049",-,-,"0,013","0,006",-
      Pão de queijo,"0,168","0,102","0,159","0,190","0,091","0,177","0,073","0,217"
      Pão doce,"0,240","0,297","0,187","0,266","0,022","0,256","0,286","0,104"
      Pão francês,"9,274","4,146","10,478","17,695","11,658","7,392","11,495","1,431"
      Pão integral,"0,114","0,101","0,040","0,242","0,101","0,085","0,048","0,046"
      Torrada,"0,127","0,052","0,100","0,138","0,016","0,165","0,179","0,005"
      Outros,"0,428","0,183","2,124","0,388","0,212","0,287","1,609","0,095"
   Bolos,"0,395","0,389","0,563","0,451","0,492","0,343","0,887","0,167"
"   Biscoitos, roscas, etc.","2,779","2,762","3,448","2,416","1,883","3,069","3,618","1,604"
      Biscoito doce,"0,932","1,321","1,171","0,740","0,567","0,991","0,923","0,642"
      Biscoito não especificado,"0,071","0,050","0,122","0,064","0,205","0,079","0,047","0,012"
      Biscoito salgado,"1,586","1,100","1,979","1,451","0,978","1,821","2,413","0,737"
      Rosca doce,"0,088","0,252","0,026","0,026","0,057","0,075","0,131","0,159"
      Rosca não especificada,"0,072","0,033","0,130","0,102","0,074","0,064","0,074","0,054"
      Rosca salgada,"0,025","0,007","0,017","0,027",-,"0,037","0,002",-
      Outros,"0,004",-,"0,002","0,006",-,"0,003","0,028",-
Carnes,"21,511","16,185","28,399","17,736","18,108","23,905","30,517","16,506"
   Carnes bovinas de primeira,"4,438","3,458","5,495","3,821","4,019","4,571","4,963","5,657"
      Alcatra,"0,343","0,169","0,378","0,118","0,265","0,476","0,530","0,285"
      Carne moída,"0,346","0,126","0,344","0,374","0,126","0,393","0,438","0,296"
      Carne não especificada,"2,204","1,363","2,166","1,983","2,396","2,112","1,623","4,492"
      Chã de dentro,"0,314","0,272","0,331","0,362","0,206","0,341","0,277","0,137"
      Contrafilé,"0,830","1,084","1,694","0,716","0,691","0,786","1,566","0,248"
      Filé-mignon,"0,078","0,048","0,099","0,057",-,"0,108","0,110",-
      Lagarto comum,"0,107","0,229","0,195","0,102","0,136","0,075",-,"0,157"
      Lagarto redondo,"0,077",-,"0,060",-,-,"0,136","0,206",-
      Patinho,"0,139","0,168","0,229","0,109","0,199","0,145","0,214","0,043"
   Carnes bovinas de segunda,"5,352","4,720","6,534","3,148","5,398","6,563","5,176","4,433"
      Acém,"0,396","0,391","0,474","0,362","0,275","0,431","0,903","0,031"
      Capa de filé,"0,156","0,033","0,153","0,091","0,018","0,221","0,292","0,078"
      Carne moída,"0,775","0,502","0,745","0,388","1,061","0,975","0,783","0,888"
      Carne não especificada,"1,916","1,042","3,322","1,208","1,630","2,529","0,956","1,163"
      Costela,"0,891","1,452","0,762","0,353","1,290","0,962","0,666","1,286"
      Músculo,"0,311","0,269","0,424","0,301","0,464","0,274","0,254","0,500"
      Pá,"0,315","0,193","0,436","0,202","0,558","0,366","0,792","0,061"
      Peito,"0,203","0,095","0,182","0,066",-,"0,296","0,514","0,069"
      Outras,"0,390","0,744","0,035","0,176","0,100","0,510","0,016","0,357"
   Carnes bovinas outras,"6,662","3,268","8,098","5,582","5,446","7,870","11,266","3,781"
      Carne de hambúrguer,"0,042","0,011",-,"0,038","0,048","0,022","0,444","0,007"
      Carne de sol,"0,121","0,037","0,044","0,064","0,146","0,143","0,118","0,268"
      Carne moída não especificada,"0,629","0,416","0,835","0,594","0,385","0,667","1,713","0,141"
      Carne não especificada,"2,721","1,742","3,910","2,577","2,416","2,738","4,877","2,406"
      Carne-seca,"0,897","0,160","0,075","0,209","0,036","1,651","0,959","0,040"
      Mocotó,"0,081",-,"0,359","0,087","0,022","0,087","0,067",-
      Outras,"2,171","0,903","2,876","2,012","2,394","2,561","3,088","0,920"
   Carnes suínas com osso e sem osso,"1,103","1,565","1,424","0,704","0,432","1,105","2,306","0,985"
      Carré,"0,157","0,188","0,168","0,063","0,022","0,195","0,271","0,133"
      Costela,"0,092","0,101","0,012","0,134",-,"0,059","0,419","0,054"
      Lombo,"0,004",-,-,-,-,"0,002","0,011","0,026"
      Pernil,"0,033","0,238","0,028","0,007",-,-,"0,016","0,075"
      Porco eviscerado,"0,142","0,153","0,370",-,-,"0,222","0,074",-
      Outras,"0,675","0,885","0,845","0,500","0,409","0,627","1,516","0,697"
   Carnes suínas outras,"1,590","1,764","1,274","1,829","1,121","1,541","2,997","0,641"
      Carne salgada não especificada,"0,051","0,029","0,036","0,020",-,"0,083",-,"0,038"
      Costela de porco salgada,-,-,-,-,-,-,-,-
      Mortadela,"0,584","0,508","0,336","0,075","0,039","0,872","1,750","0,081"
      Paio,"0,001","0,007",-,-,-,-,-,-
      Pé de porco salgado,"0,002",-,"0,037",-,-,-,-,-
      Presunto,"0,141","0,175","0,196","0,123","0,257","0,115","0,317","0,123"
      Salame,"0,020","0,146",-,"0,001","0,006","0,012","0,001",-
      Salsicha comum,"0,565","0,587","0,551","1,405","0,747","0,251","0,382","0,176"
      Toucinho fresco,"0,024","0,070","0,010",-,"0,015","0,009",-,"0,138"
      Toucinho defumado,"0,054","0,195","0,017","0,019","0,038","0,044","0,085","0,046"
      Outras,"0,148","0,046","0,091","0,187","0,019","0,155","0,463","0,038"
   Carnes de outros animais,"2,365","1,409","5,574","2,652","1,693","2,255","3,809","1,009"
      Carne de cabrito,"0,011",-,-,-,"0,046","0,020",-,-
      Carne de carneiro,"0,009",-,-,-,-,"0,018",-,-
      Linguiça,"1,387","1,360","0,953","1,562","1,553","1,232","3,290","1,003"
      Outras,"0,958","0,049","4,620","1,090","0,094","0,985","0,518","0,006"
Vísceras,"0,751","0,594","0,163","0,869","0,374","0,902","0,581","0,345"
   Vísceras bovinas,"0,730","0,584","0,156","0,859","0,365","0,875","0,581","0,283"
      Bucho,"0,144","0,058",-,"0,136",-,"0,204","0,154","0,049"
      Fígado,"0,418","0,404","0,156","0,540","0,176","0,454","0,300","0,212"
      Língua,"0,025","0,013",-,"0,022","0,018","0,039","0,010",-
      Outras,"0,143","0,109",-,"0,161","0,171","0,179","0,116","0,021"
   Vísceras suínas,"0,021","0,010",-,"0,009","0,008","0,027",-,"0,063"
   Outras vísceras,"0,000",-,"0,007",-,-,-,-,-
Pescados,"9,855","2,369","9,553","13,998","3,475","11,141","13,597","1,039"
   Pescados de água salgada,"2,664","0,119","1,045","1,120","0,153","4,616","3,158","0,200"
      Anchova fresca,"0,009",-,-,"0,017",-,"0,010",-,-
      Bacalhau,"0,022",-,-,-,-,"0,046",-,-
      Bagre fresco,"0,076",-,"0,708",-,-,"0,088","0,015",-
      Cação fresco,"0,011",-,-,-,-,"0,023",-,-
      Camarão fresco,"0,509",-,-,"0,008","0,013","0,935","1,370",-
      Corvina fresca,"0,062","0,029",-,"0,062",-,"0,096",-,-
      Merluza em filé congelado,-,-,-,-,-,-,-,-
      Merluza em filé fresco,-,-,-,-,-,-,-,-
      Parati fresco,"0,014",-,-,-,-,"0,030",-,-
      Pescada em filé congelado,"0,007",-,-,-,-,"0,016",-,-
      Pescada em filé fresco,"0,014",-,-,-,-,"0,029",-,-
      Pescada fresca,"0,530",-,-,"0,158","0,017","0,990","0,542",-
      Pescadinha fresca,"0,056",-,-,"0,023",-,"0,098","0,088",-
      Sardinha em conserva,"0,125","0,054","0,140","0,153","0,084","0,137","0,166","0,051"
      Sardinha fresca,"0,113","0,020","0,171","0,313","0,026","0,046","0,154","0,056"
      Tainha fresca,"0,111",-,-,"0,301",-,"0,076","0,185",-
      Outros pescados em filé congelado,"0,014",-,-,"0,005",-,"0,025","0,002","0,010"
      Outros pescados em filé fresco,"0,103","0,016","0,001","0,019","0,013","0,188","0,135","0,013"
      Outros pescados frescos,"0,806",-,"0,025","0,060",-,"1,609","0,501","0,063"
      Outros pescados salgados,"0,083",-,-,-,-,"0,174",-,"0,007"
   Pescados de água doce,"5,450","1,610","6,127","10,898","0,661","4,558","8,504","0,465"
      Acará fresca,"0,036",-,"0,169","0,126",-,-,"0,012",-
      Acari fresco,"0,151",-,"1,849","0,186",-,"0,040","0,062",-
      Anujá fresco,"0,014",-,"0,228","0,012",-,-,"0,007",-
      Curimatã fresco,"0,295",-,"0,291","0,849","0,037","0,191","0,077",-
      Dourada fresca,"0,228",-,-,-,-,"0,464","0,165",-
      Jaraqui fresco,"0,596",-,-,"1,651",-,"0,494",-,-
      Lambari fresco,"0,141","0,037","0,497","0,377",-,"0,058","0,069",-
      Mapará fresco,"0,249",-,"0,295","0,169",-,"0,373","0,444",-
      Piau fresco,"0,071","0,242","0,193","0,175",-,-,-,-
      Surubim fresco,"0,086","0,059","0,239","0,176",-,"0,058",-,"0,039"
      Tambaqui fresco,"1,182","0,856","0,592","2,931","0,134","0,725","1,207","0,282"
      Tilápia fresca,"0,017","0,019",-,-,-,"0,027",-,"0,027"
      Traíra fresca,"0,043","0,060","0,190","0,015",-,"0,028","0,261",-
      Tucunaré fresco,"0,164","0,042",-,"0,538",-,"0,068","0,204",-
      Outros pescados em filé congelado,"0,003",-,-,"0,012","0,010",-,-,-
      Outros pescados em filé fresco,"0,043",-,-,"0,046","0,032","0,062","0,055",-
      Outros pescados frescos,"2,092","0,294","1,545","3,583","0,448","1,916","5,940","0,117"
      Outros pescados salgados,"0,040",-,"0,040","0,051",-,"0,056",-,-
   Pescados não especificados,"1,741","0,640","2,381","1,981","2,661","1,967","1,934","0,373"
      Peixe em filé congelado,-,-,-,-,-,-,-,-
      Peixe em filé fresco,"0,007",-,-,-,"0,132",-,"0,068",-
      Peixe fresco,"1,728","0,640","2,357","1,981","2,528","1,957","1,866","0,373"
      Peixe salgado,"0,006",-,"0,023",-,-,"0,010",-,-
Aves e ovos,"19,907","11,849","17,870","25,158","16,804","20,909","31,127","6,404"
   Aves,"17,349","9,805","15,289","22,286","13,932","18,253","27,535","5,261"
      Asa de frango,"0,216","0,354","0,056","0,141","0,044","0,196","0,222","0,506"
      Carne de frango não especificada,"0,482","0,125","0,263","0,337","0,364","0,703","0,206","0,350"
      Coxa de frango,"0,645","1,064","0,216","0,447","0,297","0,565","1,524","0,990"
      Dorso de frango,"0,017","0,162",-,-,-,"0,002",-,-
      Frango abatido (inteiro),"14,230","6,692","12,972","20,096","11,629","14,621","22,814","2,739"
      Frango vivo,"0,327","0,252","0,262","0,011",-,"0,593","0,081","0,023"
      Miúdos de frango,"0,040","0,038","0,063","0,019","0,018","0,040","0,005","0,110"
      Peito de frango,"1,096","1,040","0,917","0,831","1,446","1,215","2,338","0,510"
      Outras carnes de frango,"0,040","0,072","0,012","0,065","0,084","0,025","0,034","0,032"
      Pato  inteiro ou em cortes,"0,065",-,"0,329","0,118",-,"0,032","0,175",-
      Peru abatido,"0,164",-,-,"0,178","0,049","0,249","0,121",-
      Peru em cortes,"0,007","0,007","0,006","0,009","0,002","0,008","0,016",-
      Outras,"0,019",-,"0,194","0,033",-,"0,005",-,-
   Ovos,"2,558","2,044","2,581","2,871","2,872","2,657","3,592","1,143"
      Ovo de galinha,"2,550","2,036","2,573","2,855","2,872","2,649","3,583","1,141"
      Outros,"0,009","0,007","0,008","0,016",-,"0,007","0,009","0,002"
Laticínios,"12,304","19,695","22,240","10,167","12,366","11,427","11,272","9,214"
   Leite e creme de leite,"10,219","17,008","20,088","7,959","10,510","9,525","7,560","7,944"
      Creme de leite,"0,328","0,287","0,412","0,320","0,336","0,353","0,361","0,192"
      Leite condensado,"0,564","0,753","0,807","0,522","0,774","0,573","0,419","0,278"
      Leite de vaca fresco,"2,151","3,973","6,289","0,241","0,209","2,589","0,034","2,000"
      Leite de vaca pasteurizado,"4,493","11,375","9,690","4,202","4,825","2,832","2,750","4,508"
      Leite em pó desengordurado,"0,051",-,"0,017","0,075","0,012","0,066","0,052",-
      Leite em pó integral,"2,089","0,475","2,208","2,013","2,772","2,611","3,238","0,342"
      Leite em pó não especificado,"0,237",-,"0,229","0,393","0,973","0,208","0,284","0,010"
      Outros,"0,307","0,145","0,437","0,193","0,609","0,294","0,423","0,614"
   Queijos e requeijão,"0,641","0,933","0,452","0,752","0,867","0,514","1,015","0,554"
      Queijo minas,"0,091","0,207","0,041","0,177","0,104","0,030","0,053","0,121"
      Queijo mozzarella,"0,299","0,596","0,206","0,231","0,364","0,248","0,643","0,261"
      Queijo não especificado,"0,071","0,018","0,094","0,106","0,157","0,069","0,080","0,011"
      Queijo parmezão,"0,015","0,004","0,001","0,023","0,041","0,016","0,012","0,007"
      Queijo prato,"0,099","0,021","0,077","0,115","0,072","0,125","0,093","0,031"
      Outros queijos,"0,008","0,002","0,004","0,013","0,009","0,005","0,010","0,016"
      Requeijão,"0,058","0,085","0,030","0,087","0,121","0,022","0,123","0,108"
   Outros laticínios,"1,444","1,754","1,699","1,457","0,989","1,387","2,697","0,717"
      Iogurte,"0,921","1,265","0,758","0,842","0,492","0,971","1,571","0,342"
      Leite fermentado,"0,186","0,345","0,384","0,229","0,263","0,095","0,254","0,218"
      Manteiga,"0,308","0,110","0,545","0,382","0,234","0,282","0,850","0,093"
      Outros,"0,029","0,033","0,013","0,004",-,"0,038","0,021","0,064"
"Açúcares, doces e produtos de confeitaria","12,176","13,190","12,593","11,815","15,401","12,669","15,193","6,344"
   Açúcares,"10,266","10,418","10,686","10,350","13,460","10,676","12,694","5,054"
      Açúcar cristal,"5,811","7,688","6,766","7,596","9,797","5,366","1,770","1,904"
      Açúcar demerara,"0,029","0,037","0,009","0,041",-,"0,018","0,110","0,022"
      Açúcar não especificado,"1,216","0,625","0,864","0,762","0,921","1,676","1,482","0,667"
      Açúcar refinado,"3,202","2,067","3,045","1,940","2,737","3,606","9,323","2,457"
      Outros,"0,008","0,001","0,001","0,010","0,005","0,010","0,009","0,004"
   Doces e produtos de confeitaria,"1,203","1,785","1,013","0,829","1,026","1,399","0,734","0,821"
      Bombom,"0,058","0,154","0,077","0,025","0,036","0,063","0,045","0,015"
      Chocolate em tablete,"0,074","0,069","0,137","0,046","0,033","0,093","0,058","0,037"
      Doce a base de leite,"0,042","0,023","0,059","0,035",-,"0,051","0,104","0,005"
      Doce de fruta cristalizado,"0,002","0,005",-,"0,004",-,-,"0,004",-
      Doce de fruta em calda,"0,007","0,015","0,025","0,014","0,023",-,"0,017",-
      Doce de fruta em pasta,"0,151","0,107","0,044","0,140","0,138","0,201","0,105","0,043"
      Rapadura,"0,022",-,-,-,"0,009","0,031",-,"0,082"
      Sorvete,"0,408","0,952","0,337","0,271","0,112","0,419","0,120","0,374"
      Outros,"0,438","0,459","0,334","0,294","0,675","0,543","0,281","0,266"
"   Outros açúcares, doces e produtos de confeitaria","0,708","0,987","0,894","0,637","0,915","0,593","1,764","0,470"
      Chocolate em pó,"0,308","0,669","0,424","0,284","0,434","0,219","0,531","0,231"
      Gelatina,"0,008","0,013","0,014","0,003","0,003","0,011",-,"0,007"
      Mel de abelha,"0,006","0,016",-,-,"0,012","0,003","0,027","0,014"
      Polpa de fruta,"0,384","0,289","0,454","0,349","0,467","0,359","1,206","0,217"
      Outros,"0,001",-,"0,002","0,001",-,"0,002",-,-
Sais e condimentos,"3,285","3,357","1,970","2,880","3,863","3,609","4,262","2,469"
   Sais,"1,632","1,298","0,995","1,476","1,409","1,900","1,922","1,203"
      Sal grosso,"0,171","0,097","0,051","0,122","0,247","0,208","0,351","0,120"
      Sal refinado,"1,453","1,198","0,940","1,352","1,162","1,680","1,570","1,062"
      Outros,"0,009","0,003","0,004","0,003",-,"0,013","0,001","0,021"
   Condimentos,"1,653","2,059","0,975","1,404","2,454","1,709","2,340","1,266"
      Caldo de carne em tablete,"0,005","0,002","0,004","0,003","0,017","0,005","0,013","0,007"
      Caldo de galinha em tablete,"0,009","0,014","0,024","0,000","0,002","0,008","0,005","0,026"
      Outros caldos em tablete,"0,006","0,003","0,000","0,001","0,006","0,009","0,006","0,011"
      Colorau,"0,097","0,054","0,097","0,129","0,154","0,092","0,135","0,059"
      Fermento,"0,017","0,069","0,022","0,005","0,023","0,008","0,010","0,029"
      Leite de coco,"0,037","0,029","0,027","0,039","0,089","0,033","0,107","0,014"
      Maionese,"0,128","0,326","0,112","0,136","0,208","0,090","0,191","0,035"
      Massa de tomate,"0,171","0,265","0,108","0,121","0,623","0,144","0,138","0,239"
      Molho de tomate,"0,291","0,411","0,198","0,305","0,529","0,226","0,350","0,420"
      Tempero misto,"0,095","0,087","0,125","0,065","0,057","0,098","0,120","0,149"
      Vinagre de álcool,"0,358","0,282","0,006","0,186","0,136","0,512","0,743","0,093"
      Vinagre de vinho,"0,028","0,019",-,"0,078","0,089","0,013","0,008",-
      Vinagre não especificado,"0,081","0,099","0,065","0,162","0,238","0,037","0,175",-
      Outros,"0,331","0,399","0,186","0,173","0,282","0,433","0,338","0,185"
Óleos e gorduras,"5,494","5,763","4,903","4,647","7,589","5,870","6,938","4,142"
   Óleos,"4,489","5,132","4,279","3,643","6,184","4,723","5,509","3,642"
      Azeite de oliva,"0,156","0,049","0,106","0,126","0,085","0,218","0,142","0,070"
      Óleo de girassol,"0,069","0,264",-,"0,072",-,"0,051","0,026","0,022"
      Óleo de canola,"0,009","0,013",-,"0,009","0,035","0,004","0,063",-
      Óleo de milho,"0,087","0,032","0,017","0,026","0,173","0,135","0,070","0,063"
      Óleo de soja,"4,112","4,738","4,148","3,384","5,729","4,236","5,108","3,482"
      Óleo não especificado,"0,039","0,032",-,"0,006","0,156","0,058","0,061",-
      Outros,"0,017","0,005","0,008","0,018","0,006","0,020","0,040","0,004"
   Gorduras,"1,005","0,631","0,624","1,004","1,405","1,148","1,429","0,501"
      Banha de porco,"0,013","0,039","0,065",-,"0,037",-,-,"0,055"
      Margarina vegetal,"0,992","0,592","0,559","1,004","1,368","1,148","1,429","0,446"
      Outras,-,-,-,-,-,-,-,-
Bebidas e infusões,"35,738","33,417","57,308","26,071","21,090","33,778","136,325","13,235"
   Bebidas alcoólicas,"2,945","3,622","0,980","1,600","1,813","3,534","5,277","2,572"
      Aguardente de cana,"0,056","0,093","0,014","0,066","0,015","0,062","0,016","0,020"
      Outras aguardentes,"0,001",-,-,"0,003",-,-,-,-
      Cerveja,"2,493","3,392","0,674","1,334","1,563","2,862","4,772","2,493"
      Vinho,"0,119","0,100","0,264","0,139","0,182","0,101","0,226","0,035"
      Outras,"0,275","0,036","0,029","0,058","0,054","0,509","0,264","0,023"
   Bebidas não alcoólicas,"30,642","27,356","54,495","22,193","17,336","28,071","128,336","9,337"
      Água mineral,"21,220","18,681","46,938","11,861","10,172","18,285","115,345","3,496"
      Refrigerante de cola,"3,649","3,563","2,926","3,380","2,222","3,993","4,410","3,010"
      Refrigerante de guaraná,"2,493","2,173","2,384","3,411","1,873","2,308","3,812","1,111"
      Refrigerante de laranja,"0,576","0,797","0,328","0,649","0,186","0,491","1,154","0,568"
      Refrigerante de limão,"0,056","0,191","0,071","0,056",-,"0,024","0,156","0,033"
      Refrigerante de maçã,-,-,-,-,-,-,-,-
      Refrigerante de uva,"0,155","0,151","0,026","0,175","0,193","0,155","0,060","0,220"
      Bebida energética,"0,035","0,092","0,047","0,036","0,032","0,023","0,060","0,012"
      Refrigerante não especificado,"0,944","0,546","1,057","1,264","1,483","0,848","2,190","0,207"
      Outros refrigerantes,"0,067","0,046","0,041","0,255","0,164",-,-,-
      Suco de fruta em pó,"0,177","0,162","0,275","0,141","0,100","0,163","0,305","0,262"
      Suco de fruta envasado,"0,508","0,616","0,251","0,766","0,811","0,388","0,542","0,415"
      Outras,"0,762","0,338","0,152","0,198","0,101","1,393","0,301","0,004"
   Cafés,"2,107","2,232","1,779","2,227","1,922","2,155","2,704","1,321"
      Café moído,"2,048","2,165","1,748","2,159","1,758","2,117","2,650","1,193"
      Café solúvel,"0,013","0,002","0,022","0,018","0,036","0,009","0,049","0,003"
      Outros,"0,046","0,065","0,008","0,049","0,129","0,029","0,006","0,125"
   Chás,"0,044","0,207","0,054","0,051","0,019","0,018","0,008","0,006"
      Chá-mate,"0,037","0,204","0,052","0,025","0,015","0,017","0,006",-
      Outros,"0,007","0,003","0,002","0,027","0,004","0,001","0,001","0,006"
Alimentos preparados e misturas industriais,"2,635","1,815","2,581","3,473","1,828","2,413","6,702","0,801"
   Alimentos preparados,"2,436","1,650","2,468","3,360","1,731","2,148","6,532","0,601"
      Alimento congelado,"0,017","0,050","0,028","0,016","0,046","0,009","0,037",-
      Batata frita,"0,034","0,015","0,011","0,017","0,039","0,034","0,132","0,059"
      Carne-assada,"0,147","0,084","0,305","0,141","0,040","0,143","0,530",-
      Frango assado ou defumado,"1,042","0,136","0,917","1,075","0,516","1,249","2,525","0,301"
      Frango empanado,"0,107","0,126","0,042","0,138","0,013","0,110","0,199","0,014"
      Massa,"0,174","0,282","0,233","0,284","0,211","0,090","0,441","0,052"
      Refeição,"0,382","0,355","0,503","0,889","0,323","0,101","1,421","0,071"
      Salgadinho,"0,131","0,087","0,144","0,080","0,112","0,160","0,313","0,051"
      Sanduíche,"0,024","0,007","0,033","0,071","0,031","0,005","0,056","0,003"
      Outros,"0,378","0,508","0,251","0,650","0,401","0,247","0,880","0,050"
   Misturas industriais,"0,200","0,165","0,113","0,113","0,097","0,265","0,170","0,200"
      Mistura para bolo,"0,177","0,163","0,066","0,105","0,097","0,230","0,126","0,198"
      Outras,"0,023","0,001","0,047","0,008",-,"0,035","0,044","0,002"
Outros produtos,"0,014","0,008","0,053","0,040","0,012","0,004","0,004",-