"Alimento", "Até 1 908 (1)","Mais de 1 908 a 2 862","Mais de 2 862 a 5 724","Mais de 5 724 a 9 540","Mais de 9 540 a 14 310","Mais de 14 310"
Cereais e leguminosas,"26,245","28,839","24,925","27,899","23,508","26,650","22,963"
   Cereais,"20,017","22,068","18,899","21,501","17,721","20,071","17,359"
      Arroz não especificado,"1,763","2,071","1,112","1,766","1,822","1,855","2,283"
      Arroz polido,"17,050","18,964","16,811","18,672","14,600","16,760","12,996"
      Milho em grão,"0,663","0,712","0,520","0,524","0,790","0,694","1,144"
      Milho verde em conserva,"0,246","0,126","0,159","0,277","0,253","0,255","0,464"
      Milho verde em espiga,"0,189","0,140","0,186","0,159","0,169","0,374","0,271"
      Outros,"0,105","0,055","0,111","0,103","0,087","0,134","0,201"
   Leguminosas,"6,229","6,771","6,025","6,398","5,787","6,579","5,604"
      Feijão-fradinho,"0,083","0,027","0,215","0,051","0,084","0,095","0,040"
      Feijão-jalo,"0,096","0,077","0,097","0,129","0,068","0,065","0,073"
      Feijão-manteiga,"0,031","0,034","0,007","0,026","0,069","0,013","0,029"
      Feijão-mulatinho,"0,368","0,347","0,333","0,449","0,192","0,303","0,583"
      Feijão-preto,"1,524","1,845","1,638","1,529","1,324","1,880","0,824"
      Feijão-rajado,"2,813","3,252","2,621","2,842","3,079","2,631","1,902"
      Feijão-roxo,"0,030","0,077","0,002","0,029","0,004",-,"0,094"
      Outros feijões,"0,572","0,705","0,482","0,700","0,247","0,643","0,626"
      Outras,"0,712","0,408","0,632","0,644","0,720","0,949","1,433"
Hortaliças,"25,011","17,493","19,331","22,983","26,902","35,386","43,241"
   Hortaliças folhosas e florais,"2,893","1,800","2,045","2,534","3,057","4,561","5,952"
      Acelga,"0,059","0,016","0,008","0,034","0,050","0,174","0,250"
      Agrião,"0,071","0,040","0,048","0,053","0,081","0,112","0,190"
      Alface,"0,820","0,552","0,644","0,777","0,869","1,151","1,363"
      Cheiro-verde,"0,141","0,111","0,132","0,145","0,117","0,160","0,227"
      Couve,"0,417","0,347","0,371","0,400","0,406","0,506","0,634"
      Couve-brócolis,"0,196","0,067","0,096","0,125","0,220","0,388","0,673"
      Couve-flor,"0,171","0,061","0,087","0,118","0,189","0,452","0,432"
      Repolho,"0,694","0,432","0,432","0,624","0,839","1,173","1,167"
      Outras,"0,324","0,173","0,229","0,259","0,286","0,446","1,016"
   Hortaliças frutosas,"11,620","7,836","8,863","10,294","12,160","18,393","21,284"
      Abóbora,"1,171","0,923","1,225","0,959","1,209","1,375","2,122"
      Abobrinha,"0,534","0,452","0,334","0,376","0,510","0,925","1,405"
      Azeitona em conserva,"0,127","0,046","0,087","0,106","0,175","0,234","0,221"
      Berinjela,"0,290","0,082","0,138","0,174","0,298","0,472","1,244"
      Cebola,"2,821","1,835","2,075","2,555","3,114","4,661","4,629"
      Chuchu,"0,768","0,674","0,557","0,702","0,730","1,384","1,091"
      Jiló,"0,219","0,133","0,198","0,276","0,157","0,332","0,187"
      Maxixe,"0,041","0,103","0,058","0,027","0,014","0,045","0,013"
      Pepino fresco,"0,404","0,182","0,278","0,362","0,450","0,636","0,881"
      Pimentão,"0,427","0,203","0,285","0,370","0,487","0,822","0,811"
      Quiabo,"0,340","0,304","0,334","0,400","0,235","0,285","0,441"
      Tomate,"4,240","2,830","3,181","3,794","4,442","6,862","7,590"
      Vagem,"0,142","0,032","0,086","0,119","0,185","0,247","0,335"
      Outras,"0,099","0,037","0,028","0,073","0,154","0,113","0,313"
   Hortaliças tuberosas e outras,"10,498","7,857","8,423","10,155","11,684","12,432","16,005"
      Alho,"0,689","0,582","0,504","0,674","0,765","0,819","1,004"
      Batata-aipo,"0,114","0,080",-,"0,088","0,124","0,318","0,288"
      Batata-baroa,"0,099","0,038","0,040","0,084","0,101","0,244","0,231"
      Batata-doce,"0,831","0,355","0,699","0,840","0,900","0,779","1,761"
      Batata-inglesa,"4,464","3,802","4,114","4,211","5,171","4,745","5,519"
      Batata não especificada,"0,848","0,675","0,432","0,817","0,902","1,133","1,697"
      Beterraba,"0,447","0,286","0,278","0,491","0,441","0,548","0,784"
      Cará,"0,068","0,002","0,107","0,096","0,017","0,113","0,054"
      Cenoura,"1,641","1,178","1,233","1,514","1,816","2,278","2,760"
      Inhame,"0,273","0,144","0,271","0,312","0,275","0,261","0,337"
      Mandioca,"0,860","0,699","0,726","0,968","1,049","0,610","0,764"
      Outras,"0,163","0,018","0,019","0,060","0,124","0,584","0,805"
Frutas,"28,610","15,256","18,889","24,264","32,704","48,620","60,248"
   Frutas de clima tropical,"24,379","13,382","16,370","20,532","27,464","41,414","51,676"
      Abacate,"0,339","0,120","0,160","0,230","0,478","0,580","0,992"
      Abacaxi,"1,309","0,633","0,757","1,244","1,443","2,305","2,543"
      Acerola,"0,042","0,046","0,023","0,046","0,058","0,013","0,048"
      Banana-d'água,"3,300","2,496","2,732","2,984","3,930","4,092","4,964"
      Banana-da-terra,"0,267","0,246","0,432","0,181","0,222","0,434","0,279"
      Banana-maçã,"0,238","0,115","0,140","0,171","0,292","0,353","0,690"
      Banana-ouro,"0,007","0,005","0,003","0,012",-,"0,001","0,022"
      Banana-prata,"2,858","1,646","2,230","2,348","3,338","4,983","5,172"
      Outras bananas,"0,691","0,653","0,638","0,696","0,546","0,729","1,119"
      Goiaba,"0,238","0,165","0,205","0,170","0,269","0,445","0,442"
      Laranja-baía,"0,054","0,007","0,039","0,020","0,091","0,205","0,078"
      Laranja-lima,"0,825","0,326","0,728","0,890","1,057","0,758","1,144"
      Laranja-pera,"3,584","1,685","2,161","2,949","4,010","6,241","8,771"
      Laranja-seleta,"0,157","0,329","0,121","0,058","0,124","0,210","0,382"
      Outras laranjas,"0,775","0,653","0,355","0,799","0,770","0,886","1,600"
      Limão comum,"1,106","0,460","0,606","0,981","1,271","1,797","2,674"
      Mamão,"2,193","0,814","1,102","1,522","2,456","5,111","6,094"
      Manga,"1,440","0,763","1,002","1,073","1,744","2,846","2,964"
      Maracujá,"0,397","0,168","0,206","0,436","0,376","0,774","0,665"
      Melancia,"2,219","1,010","1,481","1,984","2,254","4,783","4,109"
      Melão,"0,821","0,240","0,228","0,504","1,077","1,468","3,139"
      Tangerina,"1,212","0,567","0,691","0,997","1,428","1,949","3,051"
      Outras,"0,309","0,237","0,329","0,238","0,229","0,451","0,735"
   Frutas de clima temperado,"4,231","1,875","2,519","3,732","5,240","7,206","8,572"
      Ameixa,"0,127","0,011","0,066","0,075","0,131","0,417","0,377"
      Caqui,"0,170","0,017","0,068","0,128","0,191","0,352","0,587"
      Maçã,"2,350","1,302","1,704","2,104","3,153","3,486","3,545"
      Morango,"0,175","0,041","0,084","0,178","0,202","0,269","0,423"
      Pera,"0,479","0,183","0,223","0,437","0,545","0,859","1,144"
      Pêssego,"0,181","0,035","0,094","0,137","0,176","0,439","0,549"
      Uva,"0,614","0,277","0,250","0,525","0,734","1,075","1,563"
      Outras,"0,134","0,008","0,029","0,147","0,107","0,310","0,384"
"Cocos, castanhas e nozes","0,346","0,148","0,156","0,201","0,330","0,641","1,418"
   Cocos,"0,287","0,138","0,141","0,189","0,264","0,536","1,050"
      Açaí (emulsão),"0,133","0,050","0,019","0,078","0,095","0,292","0,663"
      Coco-da-baía,"0,112","0,076","0,075","0,067","0,131","0,190","0,318"
      Outros,"0,042","0,012","0,047","0,045","0,038","0,055","0,069"
   Castanhas e nozes,"0,059","0,010","0,016","0,012","0,066","0,105","0,367"
"Farinhas, féculas e massas","8,203","7,721","7,352","7,955","8,012","9,441","10,959"
   Farinhas,"2,449","2,313","2,258","2,412","2,336","3,098","2,817"
      Farinha de mandioca,"0,587","0,832","0,739","0,597","0,371","0,514","0,375"
      Farinha de rosca,"0,094","0,027","0,040","0,107","0,131","0,098","0,171"
      Farinha de trigo,"1,657","1,409","1,406","1,603","1,737","2,382","1,909"
      Farinha vitaminada,"0,050","0,045","0,038","0,060","0,038","0,022","0,098"
      Outras,"0,060","0,001","0,034","0,045","0,058","0,081","0,264"
   Féculas,"1,880","1,835","1,591","1,721","1,798","2,195","3,083"
      Amido de milho,"0,070","0,024","0,070","0,072","0,039","0,114","0,163"
      Creme de arroz,"0,069","0,069","0,044","0,100","0,033","0,104","0,028"
      Creme de milho,"0,012","0,035","0,015","0,010","0,004",-,"0,007"
      Fécula de mandioca,"0,396","0,255","0,365","0,416","0,338","0,478","0,660"
      Flocos de aveia,"0,069","0,016","0,064","0,058","0,095","0,049","0,178"
      Flocos de milho,"0,392","0,235","0,097","0,177","0,513","0,957","1,328"
      Flocos de outros cereais,"0,085","0,035","0,036","0,089","0,086","0,079","0,250"
      Fubá de milho,"0,784","1,165","0,899","0,798","0,689","0,390","0,452"
      Outras,"0,003",-,-,-,"0,001","0,024","0,015"
   Massas,"3,874","3,573","3,503","3,822","3,878","4,149","5,059"
      Macarrão com ovos,"1,035","1,083","0,964","1,135","0,959","1,088","0,775"
      Macarrão não especificado,"1,276","1,448","1,279","1,218","1,177","0,866","1,856"
      Macarrão sem ovos,"0,606","0,707","0,535","0,652","0,568","0,472","0,597"
      Massa de lasanha,"0,271","0,197","0,151","0,207","0,374","0,467","0,484"
      Massa de pastel,"0,135","0,031","0,069","0,148","0,168","0,141","0,305"
      Massa de pizza,"0,266","0,052","0,325","0,233","0,268","0,518","0,406"
      Outras,"0,285","0,056","0,180","0,229","0,364","0,598","0,636"
Panificados,"18,170","13,735","15,524","17,678","19,236","22,335","26,567"
   Pães,"12,943","10,086","11,037","12,611","14,021","15,708","17,862"
      Pão caseiro,"0,124","0,053","0,123","0,128","0,149","0,136","0,166"
      Pão de forma de padaria,"0,067","0,021","0,034","0,089","0,036","0,120","0,132"
      Pão de forma industrializado,"1,053","0,538","0,633","0,909","1,276","1,791","2,154"
      Pão de milho,"0,055","0,020","0,026","0,048","0,069","0,081","0,142"
      Pão de queijo,"0,321","0,089","0,186","0,260","0,479","0,584","0,627"
      Pão doce,"0,959","0,453","0,644","0,870","1,019","1,745","1,913"
      Pão francês,"9,306","8,484","8,906","9,546","9,837","8,998","9,587"
      Pão integral,"0,445","0,084","0,221","0,306","0,550","1,085","1,233"
      Torrada,"0,128","0,036","0,055","0,114","0,137","0,237","0,355"
      Outros,"0,486","0,309","0,209","0,340","0,468","0,931","1,553"
   Bolos,"0,967","0,328","0,683","0,844","0,925","1,709","2,511"
"   Biscoitos, roscas, etc.","4,260","3,322","3,804","4,223","4,291","4,919","6,194"
      Biscoito doce,"2,060","1,548","1,791","2,114","2,073","2,083","3,184"
      Biscoito não especificado,"0,162","0,068","0,122","0,116","0,222","0,318","0,317"
      Biscoito salgado,"1,665","1,477","1,544","1,545","1,678","2,058","2,320"
      Rosca doce,"0,300","0,180","0,303","0,375","0,255","0,329","0,251"
      Rosca não especificada,"0,035","0,028","0,021","0,046","0,022","0,037","0,055"
      Rosca salgada,"0,009","0,017","0,010","0,006","0,005","0,011","0,012"
      Outros,"0,028","0,005","0,012","0,021","0,035","0,083","0,056"
Carnes,"19,660","13,475","16,281","19,827","22,998","22,918","25,502"
   Carnes bovinas de primeira,"4,842","1,943","3,007","4,604","6,147","7,192","9,192"
      Alcatra,"0,807","0,318","0,459","0,850","0,860","1,415","1,424"
      Carne moída,"0,347","0,174","0,211","0,293","0,469","0,467","0,748"
      Carne não especificada,"0,929","0,542","0,709","0,858","0,979","1,309","1,835"
      Chã de dentro,"0,768","0,292","0,486","0,906","0,943","1,145","0,775"
      Contrafilé,"1,000","0,238","0,703","0,855","1,651","1,400","1,661"
      Filé-mignon,"0,146","0,002","0,034","0,044","0,100","0,323","0,976"
      Lagarto comum,"0,292","0,212","0,189","0,308","0,419","0,303","0,267"
      Lagarto redondo,"0,018",-,"0,007","0,020","0,018","0,018","0,056"
      Patinho,"0,537","0,166","0,208","0,469","0,709","0,812","1,449"
   Carnes bovinas de segunda,"4,209","3,401","3,726","4,552","4,649","4,135","4,164"
      Acém,"0,962","0,841","0,767","1,090","1,027","0,636","1,178"
      Capa de filé,"0,171","0,087","0,037","0,159","0,330","0,095","0,355"
      Carne moída,"0,476","0,462","0,455","0,538","0,626","0,107","0,300"
      Carne não especificada,"0,517","0,405","0,609","0,645","0,431","0,451","0,230"
      Costela,"0,921","0,802","1,032","0,944","0,839","1,319","0,587"
      Músculo,"0,417","0,290","0,410","0,333","0,573","0,453","0,631"
      Pá,"0,390","0,292","0,194","0,409","0,470","0,588","0,488"
      Peito,"0,226","0,101","0,138","0,281","0,189","0,357","0,331"
      Outras,"0,129","0,119","0,083","0,152","0,164","0,129","0,065"
   Carnes bovinas outras,"2,488","2,189","2,196","2,330","3,027","2,673","2,866"
      Carne de hambúrguer,"0,231","0,147","0,201","0,238","0,271","0,199","0,349"
      Carne de sol,"0,044","0,045","0,037","0,022","0,063","0,063","0,091"
      Carne moída não especificada,"0,461","0,560","0,483","0,427","0,445","0,249","0,644"
      Carne não especificada,"0,938","0,805","0,778","0,888","1,243","1,189","0,760"
      Carne-seca,"0,170","0,148","0,124","0,168","0,126","0,251","0,320"
      Mocotó,"0,055","0,029","0,096","0,031","0,083","0,019","0,098"
      Outras,"0,589","0,454","0,476","0,557","0,795","0,703","0,604"
   Carnes suínas com osso e sem osso,"2,537","2,060","2,535","2,562","2,745","2,491","2,838"
      Carré,"0,581","0,551","0,445","0,623","0,682","0,451","0,630"
      Costela,"0,462","0,300","0,377","0,416","0,640","0,462","0,711"
      Lombo,"0,236","0,074","0,202","0,213","0,300","0,346","0,432"
      Pernil,"0,544","0,412","0,487","0,560","0,548","0,676","0,680"
      Porco eviscerado,"0,050","0,019",-,"0,064","0,018","0,198","0,066"
      Outras,"0,663","0,703","1,025","0,687","0,557","0,357","0,318"
   Carnes suínas outras,"2,716","1,942","2,435","2,691","3,034","3,020","3,691"
      Carne salgada não especificada,"0,043","0,015","0,086","0,014","0,101","0,022","0,019"
      Costela de porco salgada,"0,004",-,"0,017","0,004",-,-,-
      Mortadela,"0,511","0,419","0,449","0,560","0,535","0,573","0,469"
      Paio,"0,013","0,005","0,005","0,006","0,024","0,028","0,033"
      Pé de porco salgado,"0,039","0,019","0,011","0,049","0,058","0,035","0,044"
      Presunto,"0,602","0,219","0,385","0,583","0,830","0,784","1,079"
      Salame,"0,090","0,037","0,064","0,071","0,088","0,132","0,274"
      Salsicha comum,"0,873","0,862","0,971","0,898","0,862","0,583","0,907"
      Toucinho fresco,"0,157","0,119","0,148","0,168","0,156","0,074","0,276"
      Toucinho defumado,"0,226","0,098","0,167","0,215","0,265","0,385","0,369"
      Outras,"0,158","0,150","0,132","0,123","0,116","0,403","0,222"
   Carnes de outros animais,"2,868","1,940","2,382","3,089","3,397","3,408","2,750"
      Carne de cabrito,"0,002",-,-,-,-,-,"0,021"
      Carne de carneiro,"0,001",-,-,"0,002",-,-,-
      Linguiça,"2,737","1,908","2,247","2,926","3,292","3,246","2,566"
      Outras,"0,128","0,032","0,135","0,160","0,105","0,162","0,163"
Vísceras,"0,424","0,403","0,506","0,393","0,462","0,575","0,203"
   Vísceras bovinas,"0,343","0,318","0,471","0,353","0,329","0,347","0,119"
      Bucho,"0,039","0,038","0,031","0,044","0,034","0,063","0,019"
      Fígado,"0,255","0,235","0,368","0,285","0,228","0,201","0,051"
      Língua,"0,020","0,020","0,026","0,004","0,048","0,027",-
      Outras,"0,030","0,025","0,046","0,019","0,019","0,056","0,049"
   Vísceras suínas,"0,073","0,085","0,035","0,039","0,107","0,229","0,040"
   Outras vísceras,"0,008",-,"0,001",-,"0,025",-,"0,044"
Pescados,"1,367","0,870","0,819","1,063","1,641","2,612","2,747"
   Pescados de água salgada,"1,028","0,662","0,449","0,810","1,356","2,046","1,982"
      Anchova fresca,-,-,-,-,-,-,-
      Bacalhau,"0,079","0,013","0,016","0,064","0,119","0,064","0,308"
      Bagre fresco,-,-,-,-,-,-,-
      Cação fresco,"0,036","0,002",-,"0,041","0,035","0,149","0,036"
      Camarão fresco,"0,032","0,005","0,015","0,006","0,103","0,048","0,051"
      Corvina fresca,"0,063","0,009",-,"0,008","0,092","0,478","0,035"
      Merluza em filé congelado,"0,026",-,-,"0,022","0,057","0,018","0,076"
      Merluza em filé fresco,"0,031","0,023","0,003","0,019","0,092","0,031","0,017"
      Parati fresco,-,-,-,-,-,-,-
      Pescada em filé congelado,"0,019","0,018","0,008","0,017","0,033","0,027","0,014"
      Pescada em filé fresco,"0,004",-,-,"0,007",-,"0,002","0,018"
      Pescada fresca,"0,033",-,"0,010","0,032","0,030","0,073","0,106"
      Pescadinha fresca,"0,003","0,016",-,"0,002",-,-,-
      Sardinha em conserva,"0,093","0,067","0,102","0,083","0,119","0,065","0,127"
      Sardinha fresca,"0,055","0,037","0,023","0,087","0,054","0,031","0,036"
      Tainha fresca,"0,014",-,-,"0,021","0,035",-,-
      Outros pescados em filé congelado,"0,085","0,099","0,038","0,038","0,074","0,246","0,222"
      Outros pescados em filé fresco,"0,144","0,028","0,128","0,109","0,143","0,254","0,419"
      Outros pescados frescos,"0,286","0,333","0,106","0,239","0,305","0,539","0,467"
      Outros pescados salgados,"0,025","0,014",-,"0,016","0,063","0,020","0,051"
   Pescados de água doce,"0,182","0,115","0,174","0,123","0,218","0,128","0,546"
      Acará fresca,"0,000","0,001",-,-,-,-,-
      Acari fresco,"0,004",-,"0,013","0,005",-,-,-
      Anujá fresco,"0,005",-,"0,015","0,001","0,013",-,-
      Curimatã fresco,"0,019","0,048","0,041","0,014","0,004",-,-
      Dourada fresca,"0,002",-,-,-,"0,008",-,-
      Jaraqui fresco,-,-,-,-,-,-,-
      Lambari fresco,"0,003","0,005",-,"0,002",-,"0,014",-
      Mapará fresco,"0,001",-,-,"0,002",-,-,-
      Piau fresco,"0,001","0,006",-,-,-,-,-
      Surubim fresco,"0,005",-,"0,018",-,"0,011",-,-
      Tambaqui fresco,"0,000","0,003",-,-,-,-,-
      Tilápia fresca,"0,061","0,021","0,044","0,067","0,110","0,029","0,056"
      Traíra fresca,"0,004","0,004","0,022",-,-,-,-
      Tucunaré fresco,"0,001","0,007",-,-,-,-,-
      Outros pescados em filé congelado,"0,039","0,006","0,005","0,015","0,039","0,072","0,237"
      Outros pescados em filé fresco,"0,026","0,014","0,003","0,012","0,006",-,"0,220"
      Outros pescados frescos,"0,008",-,"0,012","0,004","0,012","0,013","0,020"
      Outros pescados salgados,"0,003",-,-,-,"0,013",-,"0,014"
   Pescados não especificados,"0,156","0,093","0,196","0,130","0,067","0,438","0,219"
      Peixe em filé congelado,"0,004","0,013","0,002","0,003",-,-,"0,005"
      Peixe em filé fresco,"0,001",-,"0,001","0,001",-,-,-
      Peixe fresco,"0,151","0,080","0,193","0,126","0,058","0,438","0,213"
      Peixe salgado,"0,002",-,-,-,"0,010",-,-
Aves e ovos,"12,777","10,433","11,207","12,961","12,773","15,096","16,777"
   Aves,"9,798","8,043","8,481","10,300","9,564","11,097","12,454"
      Asa de frango,"0,849","0,673","0,749","1,070","0,649","1,011","0,679"
      Carne de frango não especificada,"0,491","0,309","0,384","0,610","0,514","0,448","0,497"
      Coxa de frango,"2,056","1,781","1,751","2,108","2,372","2,063","2,191"
      Dorso de frango,"0,014","0,033","0,009","0,023",-,-,-
      Frango abatido (inteiro),"2,455","2,354","2,896","2,607","1,821","1,977","2,998"
      Frango vivo,"0,039","0,062","0,036","0,058","0,020",-,-
      Miúdos de frango,"0,169","0,115","0,110","0,164","0,234","0,179","0,246"
      Peito de frango,"3,263","2,380","2,302","3,304","3,470","4,424","4,874"
      Outras carnes de frango,"0,225","0,261","0,154","0,212","0,208","0,243","0,381"
      Pato  inteiro ou em cortes,"0,002",-,-,"0,005","0,003",-,-
      Peru abatido,"0,059",-,"0,026","0,020","0,037","0,456","0,043"
      Peru em cortes,"0,156","0,032","0,050","0,102","0,228","0,267","0,545"
      Outras,"0,018","0,042","0,016","0,017","0,007","0,030",-
   Ovos,"2,979","2,390","2,726","2,662","3,209","3,998","4,324"
      Ovo de galinha,"2,968","2,385","2,724","2,655","3,194","3,992","4,262"
      Outros,"0,012","0,005","0,002","0,007","0,015","0,006","0,061"
Laticínios,"38,449","31,365","33,628","36,342","39,098","47,210","58,966"
   Leite e creme de leite,"32,226","28,523","30,451","31,196","31,949","35,924","43,427"
      Creme de leite,"0,513","0,211","0,281","0,494","0,537","1,052","0,981"
      Leite condensado,"0,891","0,488","0,600","0,922","1,024","1,224","1,400"
      Leite de vaca fresco,"1,937","3,364","3,247","1,764","1,282","0,667","0,391"
      Leite de vaca pasteurizado,"27,485","23,406","25,611","26,888","27,816","31,086","36,408"
      Leite em pó desengordurado,"0,041","0,008","0,009","0,024","0,025","0,104","0,205"
      Leite em pó integral,"0,422","0,533","0,394","0,349","0,390","0,659","0,438"
      Leite em pó não especificado,"0,077","0,016","0,110","0,065","0,086","0,017","0,207"
      Outros,"0,858","0,497","0,200","0,690","0,788","1,115","3,398"
   Queijos e requeijão,"2,787","0,989","1,346","2,095","3,337","5,840","7,412"
      Queijo minas,"0,742","0,315","0,365","0,473","0,794","1,817","2,191"
      Queijo mozzarella,"1,054","0,346","0,551","0,952","1,396","1,755","2,232"
      Queijo não especificado,"0,087","0,075","0,038","0,057","0,095","0,098","0,305"
      Queijo parmezão,"0,120","0,032","0,037","0,080","0,122","0,266","0,455"
      Queijo prato,"0,250","0,092","0,120","0,171","0,245","0,683","0,692"
      Outros queijos,"0,131","0,035","0,031","0,062","0,129","0,258","0,663"
      Requeijão,"0,403","0,094","0,204","0,299","0,556","0,963","0,874"
   Outros laticínios,"3,436","1,853","1,831","3,051","3,812","5,445","8,126"
      Iogurte,"1,792","1,163","0,916","1,634","1,970","2,707","3,967"
      Leite fermentado,"1,215","0,469","0,713","1,124","1,293","2,100","2,818"
      Manteiga,"0,351","0,191","0,173","0,239","0,448","0,573","1,020"
      Outros,"0,078","0,029","0,029","0,055","0,100","0,065","0,322"
"Açúcares, doces e produtos de confeitaria","14,006","12,525","12,453","14,444","13,980","15,205","16,571"
   Açúcares,"10,434","11,101","10,358","11,396","9,721","9,116","8,190"
      Açúcar cristal,"5,489","5,800","5,906","6,438","5,410","3,503","2,206"
      Açúcar demerara,"0,126","0,004","0,074","0,070","0,159","0,251","0,480"
      Açúcar não especificado,"0,628","0,748","0,831","0,424","0,537","1,167","0,567"
      Açúcar refinado,"4,140","4,527","3,525","4,434","3,555","4,114","4,746"
      Outros,"0,050","0,021","0,021","0,030","0,061","0,080","0,192"
   Doces e produtos de confeitaria,"2,628","0,889","1,389","2,143","3,302","4,527","6,738"
      Bombom,"0,186","0,071","0,074","0,152","0,327","0,307","0,321"
      Chocolate em tablete,"0,272","0,052","0,126","0,185","0,310","0,571","0,927"
      Doce a base de leite,"0,078","0,053","0,074","0,070","0,112","0,076","0,087"
      Doce de fruta cristalizado,"0,006",-,"0,002","0,005","0,008","0,004","0,024"
      Doce de fruta em calda,"0,026","0,028","0,010","0,027","0,023","0,029","0,052"
      Doce de fruta em pasta,"0,165","0,043","0,117","0,155","0,218","0,188","0,368"
      Rapadura,"0,024","0,025","0,051","0,019","0,019","0,013","0,014"
      Sorvete,"1,157","0,390","0,504","1,023","1,582","1,786","2,752"
      Outros,"0,714","0,228","0,430","0,506","0,703","1,554","2,193"
"   Outros açúcares, doces e produtos de confeitaria","0,944","0,534","0,706","0,905","0,957","1,562","1,642"
      Chocolate em pó,"0,787","0,468","0,608","0,759","0,871","1,220","1,191"
      Gelatina,"0,055","0,034","0,036","0,061","0,042","0,058","0,127"
      Mel de abelha,"0,031","0,007","0,038","0,022","0,013","0,052","0,119"
      Polpa de fruta,"0,064","0,025","0,019","0,059","0,028","0,195","0,194"
      Outros,"0,007",-,"0,005","0,004","0,004","0,036","0,012"
Sais e condimentos,"4,870","4,191","3,667","4,693","5,301","5,843","7,227"
   Sais,"1,406","1,678","1,259","1,292","1,515","1,169","1,713"
      Sal grosso,"0,092","0,014","0,081","0,082","0,144","0,078","0,188"
      Sal refinado,"1,265","1,611","1,157","1,182","1,268","0,992","1,504"
      Outros,"0,049","0,053","0,021","0,028","0,103","0,099","0,021"
   Condimentos,"3,464","2,513","2,408","3,401","3,786","4,674","5,514"
      Caldo de carne em tablete,"0,024","0,013","0,020","0,029","0,018","0,026","0,042"
      Caldo de galinha em tablete,"0,026","0,022","0,025","0,032","0,021","0,019","0,026"
      Outros caldos em tablete,"0,034","0,028","0,019","0,030","0,020","0,031","0,126"
      Colorau,"0,028","0,026","0,033","0,038","0,024","0,012","0,010"
      Fermento,"0,051","0,037","0,055","0,051","0,043","0,066","0,072"
      Leite de coco,"0,065","0,016","0,029","0,082","0,049","0,082","0,170"
      Maionese,"0,491","0,341","0,359","0,465","0,606","0,655","0,701"
      Massa de tomate,"0,318","0,267","0,293","0,336","0,309","0,335","0,374"
      Molho de tomate,"1,402","0,954","0,968","1,440","1,512","2,026","1,997"
      Tempero misto,"0,117","0,079","0,154","0,075","0,153","0,091","0,242"
      Vinagre de álcool,"0,199","0,095","0,088","0,203","0,262","0,224","0,409"
      Vinagre de vinho,"0,077","0,122","0,019","0,089","0,083","0,069","0,051"
      Vinagre não especificado,"0,183","0,133","0,079","0,215","0,197","0,135","0,350"
      Outros,"0,448","0,379","0,267","0,317","0,489","0,903","0,945"
Óleos e gorduras,"7,197","6,154","6,368","7,579","7,630","8,172","7,031"
   Óleos,"5,864","5,001","5,183","6,217","6,217","6,568","5,671"
      Azeite de oliva,"0,409","0,099","0,174","0,282","0,434","0,931","1,370"
      Óleo de girassol,"0,127","0,002","0,102","0,091","0,209","0,127","0,367"
      Óleo de canola,"0,075",-,-,"0,053",-,"0,324","0,364"
      Óleo de milho,"0,154","0,088","0,108","0,074","0,224","0,424","0,275"
      Óleo de soja,"4,967","4,677","4,753","5,557","5,264","4,637","3,012"
      Óleo não especificado,"0,076","0,127","0,013","0,104","0,053","0,049","0,074"
      Outros,"0,056","0,009","0,034","0,056","0,033","0,075","0,209"
   Gorduras,"1,333","1,153","1,185","1,362","1,413","1,604","1,360"
      Banha de porco,"0,062","0,080","0,052","0,071","0,057","0,029","0,053"
      Margarina vegetal,"1,269","1,070","1,132","1,289","1,349","1,575","1,307"
      Outras,"0,003","0,002","0,001","0,002","0,008",-,-
Bebidas e infusões,"47,412","18,618","27,025","38,233","57,973","87,619","112,757"
   Bebidas alcoólicas,"7,996","3,024","4,169","6,147","9,632","17,402","18,980"
      Aguardente de cana,"0,171","0,239","0,248","0,156","0,081","0,165","0,178"
      Outras aguardentes,"0,002",-,-,"0,005",-,-,-
      Cerveja,"7,031","2,653","3,755","5,531","8,935","14,541","15,706"
      Vinho,"0,603","0,105","0,113","0,313","0,542","2,075","2,336"
      Outras,"0,189","0,028","0,052","0,142","0,075","0,621","0,760"
   Bebidas não alcoólicas,"36,510","13,215","20,465","29,179","45,586","66,972","88,961"
      Água mineral,"15,670","3,995","7,865","9,729","20,929","28,668","51,956"
      Refrigerante de cola,"7,867","3,051","5,095","7,233","10,202","13,778","13,198"
      Refrigerante de guaraná,"4,280","2,123","2,575","4,630","4,871","7,304","5,482"
      Refrigerante de laranja,"1,049","0,692","0,932","1,105","1,200","1,515","0,844"
      Refrigerante de limão,"0,689","0,241","0,245","0,695","0,713","1,566","1,374"
      Refrigerante de maçã,"0,032","0,009","0,077","0,044","0,011","0,006",-
      Refrigerante de uva,"0,216","0,216","0,318","0,155","0,155","0,377","0,254"
      Bebida energética,"0,206","0,033","0,038","0,160","0,372","0,304","0,568"
      Refrigerante não especificado,"1,675","1,373","1,177","1,538","1,739","2,954","2,349"
      Outros refrigerantes,"0,706","0,234","0,474","0,706","0,535","1,152","1,915"
      Suco de fruta em pó,"0,275","0,250","0,279","0,300","0,345","0,184","0,132"
      Suco de fruta envasado,"3,003","0,827","1,271","2,216","3,924","6,382","8,112"
      Outras,"0,841","0,172","0,119","0,666","0,592","2,783","2,779"
   Cafés,"2,692","2,282","2,332","2,762","2,613","3,019","3,654"
      Café moído,"2,529","2,171","2,228","2,627","2,500","2,769","3,140"
      Café solúvel,"0,040","0,008","0,021","0,019","0,048","0,099","0,148"
      Outros,"0,123","0,103","0,083","0,116","0,065","0,152","0,366"
   Chás,"0,213","0,096","0,060","0,145","0,142","0,225","1,162"
      Chá-mate,"0,131","0,060","0,054","0,107","0,083","0,121","0,620"
      Outros,"0,083","0,036","0,006","0,038","0,059","0,104","0,542"
Alimentos preparados e misturas industriais,"5,118","1,765","2,713","4,258","5,994","8,528","13,953"
   Alimentos preparados,"4,861","1,650","2,448","3,961","5,674","8,323","13,723"
      Alimento congelado,"0,524","0,121","0,260","0,617","0,337","1,651","0,625"
      Batata frita,"0,199","0,103","0,118","0,187","0,274","0,289","0,316"
      Carne-assada,"0,066","0,013","0,021","0,021","0,092","0,193","0,255"
      Frango assado ou defumado,"0,717","0,428","0,349","0,838","0,748","1,146","0,914"
      Frango empanado,"0,110","0,084","0,070","0,168","0,103","0,055","0,060"
      Massa,"1,018","0,269","0,205","0,592","1,469","0,974","4,773"
      Refeição,"0,873","0,261","0,935","0,634","1,288","1,102","1,682"
      Salgadinho,"0,302","0,106","0,117","0,297","0,224","0,485","1,014"
      Sanduíche,"0,123","0,066","0,030","0,052","0,121","0,117","0,718"
      Outros,"0,929","0,198","0,343","0,555","1,018","2,311","3,367"
   Misturas industriais,"0,257","0,115","0,265","0,297","0,320","0,205","0,229"
      Mistura para bolo,"0,248","0,113","0,245","0,291","0,305","0,203","0,219"
      Outras,"0,010","0,002","0,020","0,007","0,015","0,003","0,010"
Outros produtos,"0,005","0,001","0,007","0,004","0,004","0,006","0,017"